<?xml version="1.0" encoding="UTF-8" ?>  
<!DOCTYPE configuration> 

<configuration scan="true" debug="false">
	<jmxConfigurator />

	<!-- 控制台输出日志 -->
	<appender name="STDOUT" class="ch.qos.logback.core.ConsoleAppender">
		<layout class="ch.qos.logback.classic.PatternLayout">
			<pattern>%d{yyyy-MM-dd HH:mm:ss.SSS} [%thread] %-5level %logger{36} -%msg%n
			</pattern>
		</layout>
	</appender>

	<!-- INFO日志定义appender -->
	<appender name="INFO_FILE" class="ch.qos.logback.core.rolling.RollingFileAppender">
		<File>../logs/info-svr.log</File>
		<rollingPolicy class="ch.qos.logback.core.rolling.TimeBasedRollingPolicy">
			<fileNamePattern>../logs/info-svr-%d{yyyyMMdd}.log.%i
			</fileNamePattern>
			<timeBasedFileNamingAndTriggeringPolicy class="ch.qos.logback.core.rolling.SizeAndTimeBasedFNATP">
				<maxFileSize>500MB</maxFileSize>
			</timeBasedFileNamingAndTriggeringPolicy>
			<maxHistory>2</maxHistory>
		</rollingPolicy>
		<layout class="ch.qos.logback.classic.PatternLayout">
			<Pattern>%d{yyyy-MM-dd HH:mm:ss.SSS} [%thread] %-5level %logger{36} -%msg%n
			</Pattern>
		</layout>
	</appender>

	<!-- ERROR日志定义appender -->
	<appender name="ERROR_FILE" class="ch.qos.logback.core.rolling.RollingFileAppender">
		<filter class="ch.qos.logback.classic.filter.ThresholdFilter">
			<level>ERROR</level>
		</filter>
		<File>../logs/error-svr.log</File>
		<rollingPolicy class="ch.qos.logback.core.rolling.TimeBasedRollingPolicy">
			<fileNamePattern>../logs/error-svr-%d{yyyyMMdd}.log.%i
			</fileNamePattern>
			<timeBasedFileNamingAndTriggeringPolicy class="ch.qos.logback.core.rolling.SizeAndTimeBasedFNATP">
				<maxFileSize>500MB</maxFileSize>
			</timeBasedFileNamingAndTriggeringPolicy>
			<maxHistory>2</maxHistory>
		</rollingPolicy>
		<layout class="ch.qos.logback.classic.PatternLayout">
			<Pattern>%d{yyyy-MM-dd HH:mm:ss.SSS} [%thread] %-5level %logger{36} -%msg%n

			</Pattern>
		</layout>
	</appender>

	<root level="INFO">
		<appender-ref ref="ERROR_FILE" />
		<appender-ref ref="STDOUT" />
		<appender-ref ref="INFO_FILE" />
	</root>

</configuration>  